insert into  "faculty" (kod_faculteta,name_faculteta,fio_decana,nomer_kab,tel_decan) values 
	(1,'Математики и информатики','статывка Юрий Иванович','31/а','417499'),
	(2,'Компьютерных систем и технологий','Губачева Лариса Александровна','204/12','477051'),
	(3,'Международный','Харченко Евгений Иванович','310/9','500830')
select * from faculty
insert into "kafedra" (kod_kafedry,facultet_kod_faculteta,name_kafedry,fio_zavkaf,nomer_kab,num_korpusa,tel_kafedry) values
	(1,1,'Компьютерные системы и сети','Соловьев',414,1,'899028'),
	(2,1,'Прикладная математика','Кочевский',205,1,'425262'),
	(3,1,'Математического анализа','Арлинский',61,1,'627272'),
	(4,1,'Информатики','Пожидаев',404,1,'738328'),
	(5,2,'Автоматизации компьютерных технологий','Малахов',123,12,'637327'),
	(6,2,'Компьютерные технологий на промышленном транспорте','Губачева',342,12,'373728'),
	(7,2,'Системная инженерия','Ульшин',234,2,'727728'),
	(8,3,'Иностранных языков','Краснопольских',123,2,'762728'),
	(9,3,'Компьютерных наук','Дядечев',703,9,'563272')
select * from kafedra
insert into "students" (student_id,sutname,sutfname,stipend,kurs,city,birthday,kafedra_kod_kafedry,group_student) values
	(1,'Анна','Грешкина',450,2,'Ростов-на-Дону','1989-01-01',1,401),
	(2,'Борис','Котовский',400,2,'Ростов-на-Дону','1989-05-27',1,401),
	(3,'Петр','Комаров',300,2,'Ростов-на-Дону','1989-11-18',1,401),
	(4,'Марина','Погребняк',353,2,'Ростов-на-Дону','1989-10-21',1,402),
	(5,'Иванна','Смирнова',400,2,'Ростов-на-Дону','1989-03-11',1,402),
	(6,'Роман','Сергеенко',0,2,'Ростов-на-Дону','1989-07-04',1,402),
	(7,'Владимир','Невечеров',100,3,'Ростов-на-Дону','1989-03-24',2,231),
	(8,'Мая','Соломка',450,3,'Ростов-на-Дону','1988-01-12',2,231),
	(9,'Герман','Степанюга',300,3,'Ростов-на-Дону','1988-11-18',2,231),
	(10,'Филипп','Мозговой',0,1,'Ростов-на-Дону','1987-01-08',3,521),
	(11,'Федор','Филипенко',0,1,'Донецк','1988-12-22',3,521),
	(12,'Наталья','Николенко',100,1,'Москва','1988-12-02',3,521),
	(13,'Егор','Осадчий',0,4,'Москва','1988-12-02',4,341),
	(14,'Наталья','Черткова',450,3,'Донецк','1988-09-18',5,241),
	(15,'Владимир','Черней',480,3,'Ростов-на-Дону','1986-11-11',6,241),
	(16,'Филипп','Шивцов',450,1,'Донецк','1989-07-01',7,121),
	(17,'Федор','Христенко',200,2,'Макарово','1988-08-25',9,101)
select * from students
insert into "teacher" (kod_teacher,kafedra_kod_kafedry,name_teacher,idef_kod,dolgnost,zvanie,salary,rise,data_hire,birthday,pol,tel_teacher) values
	(1,1,'Соловьев Виктор',00002292,'доцент','к.т.н',3000,500,'1990-03-22','1965-03-22','м','12-09-98'),
	(2,1,'Игнатьева Олеся',111019182,'доцент','к.т.н',3000,50,'2001-08-22','1979-03-22','ж','44-03-98'),
	(3,1,'Полупан Юлия',111019183,'доцент','к.т.н',3000,500,'1990-03-22','1979-05-18','ж','11-08-98'),
	(4,1,'Ротов Денис',1110786,'ассистент','нет',1500,250,'2008-05-01','1982-10-22','м',''),
	(5,2,'Малый Вячеслав',1210786,'доцент','к.т.н',3000,300,'1980-05-01','1952-10-22','м','35-76-01'),
	(6,2,'Кучма Владимир',12107860,'профессор','д.ф.м.н',5000,500,'1983-03-18','1954-06-15','м','41-73-12'),
	(7,3,'Владыкина Нина',13635288,'ассистент','нет',1500,350,'1980-08-18','1965-03-22','ж',''),
	(8,3,'Дмитрук Евгения',13635287,'доцент','к.т.н',3500,500,'1978-03-22','1966-03-22','ж','41-49-51'),
	(9,4,'Статьевка Юрий',17265218,'доцент','к.т.н',3200,500,'1978-03-22','1965-03-22','м','41-42-51'),
	(10,4,'Тарасенко Андрей',17262501,'старший преподаватель','к.т.н',2000,400,'2001-03-22','1976-03-22','м','40-03-09'),
	(11,5,'Холод Олег',684849388,'профессор','д.т.н',5000,100,'2000-03-22','1956-03-22','м','40-00-00'),
	(12,6,'Губачева Лариса',68484900,'профессор','д.т.н',6000,100,'1976-03-22','1957-03-22','ж','40-03-11'),
	(13,7,'Харьковский Сергей',410209887,'профессор','д.т.н',4000,100,'2000-03-22','1967-03-22','м','49-56-90'),
	(14,8,'Швед Марина',41098733,'ассистент','нет',1000,300,'1987-03-22','1976-03-22','ж','61-02-09'),
	(15,9,'Малахова марина',884198565,'ассистент','нет',1000,400,'2002-03-22','1980-03-22','ж','61-02-92')
	select * from teacher
	
	
	
	
	
	
	
	
	